[
  {
    "id": 1,
    "user_id": 1,
    "date": "2025-11-25",
    "time": "08:00",
    "glucose": 95.0,
    "context": "fasting",
    "meal": "water",
    "note": "morning check",
    "created_at": "2025-11-25T08:00:00Z"
  },
  {
    "id": 2,
    "user_id": 1,
    "date": "2025-11-25",
    "time": "12:30",
    "glucose": 142.0,
    "context": "pre-meal",
    "meal": "lunch",
    "note": "before eating",
    "created_at": "2025-11-25T12:30:00Z"
  },
  {
    "id": 3,
    "user_id": 1,
    "date": "2025-11-25",
    "time": "15:00",
    "glucose": 185.0,
    "context": "post-meal",
    "meal": "snack",
    "note": "high reading",
    "created_at": "2025-11-25T15:00:00Z"
  },
  {
    "id": 4,
    "user_id": 1,
    "date": "2025-11-26",
    "time": "06:30",
    "glucose": 65.0,
    "context": "fasting",
    "meal": "water",
    "note": "low reading",
    "created_at": "2025-11-26T06:30:00Z"
  },
  {
    "id": 5,
    "user_id": 1,
    "date": "2025-11-26",
    "time": "11:00",
    "glucose": 115.0,
    "context": "pre-meal",
    "meal": "breakfast",
    "note": "normal",
    "created_at": "2025-11-26T11:00:00Z"
  },
  {
    "id": 6,
    "user_id": 1,
    "date": "2025-11-27",
    "time": "14:00",
    "glucose": 220.0,
    "context": "post-meal",
    "meal": "dinner",
    "note": "elevated",
    "created_at": "2025-11-27T14:00:00Z"
  },
  {
    "id": 7,
    "user_id": 1,
    "date": "2025-11-28",
    "time": "13:52",
    "glucose": 150.0,
    "context": "pre-meal",
    "meal": "water",
    "note": "a litttle sluggish",
    "created_at": "2025-11-28T18:52:26.348623Z"
  },
  {
    "id": 8,
    "user_id": 1,
    "date": "2025-11-28",
    "time": "14:06",
    "glucose": 100.0,
    "context": "other",
    "meal": "snack",
    "note": "A little light headed",
    "created_at": "2025-11-28T19:07:16.072581Z"
  },
  {
    "id": 9,
    "user_id": 1,
    "date": "2025-11-28",
    "time": "14:07",
    "glucose": 67.0,
    "context": "post-meal",
    "meal": "lunch",
    "note": "loow",
    "created_at": "2025-11-28T19:07:40.545470Z"
  }
]